SAMPLE NAME,Sampled Distance,Equivalent RL4_06 Distance,Age MARCH 2018,d13C,d18O
RL4-1000,0.1,NA,1.08,-5.30,-4.70
RL4-1001,0.3,NA,1.09,-5.23,-4.72
RL4-1002,0.5,NA,1.10,-4.98,-4.61
RL4-1003,0.7,NA,1.11,-4.96,-4.56
RL4-1004,0.9,NA,1.12,-5.73,-4.79
RL4-1005,1.1,NA,1.13,-5.90,-4.90
RL4-1006,1.3,NA,1.14,-5.84,-4.47
RL4-1007,1.5,NA,1.15,-5.93,-4.82
RL4-1008,1.7,NA,1.17,-5.86,-4.75
RL4-1009,1.9,NA,1.18,-5.97,-4.73
RL4-1010,2.1,NA,1.19,-5.74,-4.45
RL4-1011,2.3,NA,1.20,-5.67,-4.56
RL4-1012,2.5,NA,1.21,-6.06,-4.56
RL4-1013,2.7,NA,1.22,-6.36,-4.69
RL4-1013a,2.9,NA,1.23,-6.80,-4.56
RL4-1014,3.1,NA,1.24,-7.42,-4.67
RL4-1015,3.3,NA,1.25,-7.70,-4.58
RL4-1016,3.5,NA,1.26,-7.56,-4.72
RL4-1017,3.7,2.13,1.27,-7.06,-4.32
RL4-1017a,3.9,2.44,1.29,-7.49,-4.40
RL4-1018,4.1,2.75,1.30,-7.29,-4.40
RL4-1019,4.3,3.06,1.31,-6.64,-4.39
RL4-1020,4.5,3.38,1.32,-7.09,-4.36
RL4-1021,4.7,3.69,1.33,-5.86,-4.19
RL4-1022,4.9,4.00,1.34,-5.67,-4.26
RL4-1023,5.1,4.31,1.35,-6.84,-4.50
RL4-1024,5.3,4.62,1.36,-5.79,-4.12
RL4-1025,5.5,4.94,1.37,-6.74,-4.41
RL4-1026,5.7,5.25,1.38,-6.88,-4.06
RL4-1027,5.9,5.56,1.39,-6.65,-4.10
RL4-1028,6.1,5.87,1.40,-6.99,-4.13
RL4-1029,6.3,6.18,1.41,-7.77,-4.34
RL4-1030,6.5,6.49,1.41,-7.07,-3.99
RL4-1031,6.7,6.81,1.42,-6.23,-3.64
RL4-1032,6.9,7.12,1.43,-5.94,-3.46
RL4-1033,7.1,7.43,1.44,-6.22,-3.61
RL4-1034,7.3,7.74,1.45,-6.66,-3.93
RL4-1035,7.5,8.05,1.46,-7.58,-4.32
RL4-1036,7.7,8.36,1.47,-7.73,-3.70
RL4-1037,7.9,8.68,1.48,-6.70,-3.76
RL4-1038,8.1,8.99,1.49,-7.04,-3.84
RL4-1039,8.3,9.30,1.50,-7.86,-3.97
RL4-1040,8.5,9.53,1.51,-7.38,-4.00
RL4-1041,8.7,9.75,1.51,-7.35,-4.03
RL4-1042,8.9,9.98,1.52,-6.02,-3.70
RL4-1043,9.1,10.21,1.53,-6.32,-3.82
RL4-1044,9.3,10.43,1.53,-6.59,-3.89
RL4-1045,9.5,10.66,1.54,-6.17,-3.68
RL4-1046,9.7,10.89,1.55,-6.07,-3.52
RL4-1047,9.9,11.11,1.56,-5.45,-3.66
RL4-1048,10.1,11.34,1.56,-5.82,-3.71
RL4-1049,10.3,11.57,1.57,-6.12,-3.80
RL4-1050,10.5,11.79,1.58,-5.84,-3.73
RL4-1051,10.7,12.02,1.59,-5.68,-3.48
RL4-1052,10.9,12.25,1.60,-6.58,-3.44
RL4-1053,11.1,12.47,1.61,-7.01,-3.78
RL4-1054,11.3,12.70,1.62,-6.73,-3.90
RL4-1055,11.5,12.93,1.63,-5.55,-3.44
RL4-1056,11.7,13.15,1.63,-5.95,-3.80
RL4-1057,11.9,13.38,1.64,-6.47,-3.80
RL4-1058,12.1,13.61,1.66,-6.65,-3.67
RL4-1059,12.3,13.83,1.67,-6.63,-3.53
RL4-1060,12.5,14.06,1.68,-6.39,-3.76
RL4-1061,12.7,14.29,1.69,-6.14,-3.81
RL4-1062,12.9,14.51,1.70,-6.20,-3.61
RL4-1063,13.1,14.74,1.71,-6.30,-3.66
RL4-1064,13.3,14.97,1.72,-6.67,-4.02
RL4-1065,13.5,15.19,1.73,-6.86,-4.06
RL4-1066,13.7,15.42,1.74,-6.73,-4.09
RL4-1067,13.9,15.65,1.75,-6.74,-4.00
RL4-1068,14.1,15.87,1.76,-6.84,-4.09
RL4-1069,14.3,16.10,1.77,-6.63,-4.02
RL4-1070,14.5,16.33,1.78,-6.34,-3.90
RL4-1071,14.7,16.55,1.79,-5.92,-3.68
RL4-1072,14.9,16.78,1.80,-5.86,-3.67
RL4-1073,15.1,17.01,1.81,-5.97,-3.93
RL4-1074,15.3,17.23,1.81,-6.10,-3.94
RL4-1075,15.5,17.46,1.82,-6.15,-3.72
RL4-1076,15.7,17.69,1.83,-6.34,-3.98
RL4-1077,15.9,17.91,1.84,-6.31,-3.95
RL4-1078,16.1,18.14,1.85,-6.24,-3.88
RL4-1079,16.3,18.37,1.86,-7.40,-4.16
RL4-1080,16.5,18.59,1.86,-8.44,-4.54
RL4-1081,16.7,18.82,1.87,-8.31,-4.27
RL4-1082,16.9,19.05,1.88,-8.28,-4.41
RL4-1083,17.1,19.27,1.89,-8.24,-4.33
RL4-1084,17.3,19.50,1.90,-8.38,-4.56
RL4-1085,17.5,19.72,1.91,-7.44,-4.59
RL4-1086,17.7,19.93,1.92,-6.90,-4.28
RL4-1087,17.9,20.15,1.92,,
RL4-1088,18.1,20.37,1.93,-7.81,-4.43
RL4-1089,18.3,20.59,1.94,-7.85,-4.45
RL4-1090,18.5,20.80,1.95,-6.95,-4.24
RL4-1091,18.7,21.02,1.95,-5.91,-4.25
RL4-1092,18.9,21.24,1.96,-5.84,-3.87
RL4-1093,19.1,21.46,1.97,-5.76,-3.75
RL4 1094,19.3,21.67,1.97,-5.72,-3.58
RL4 1095,19.5,21.89,1.98,-5.81,-3.55
RL4-1096,19.7,22.11,1.99,-5.80,-3.39
RL4-1097,19.9,22.33,2.00,-6.36,-3.88
RL4-1098,20.1,22.54,2.00,-6.57,-3.88
RL4-1099,20.3,22.76,2.01,-6.48,-3.98
RL4-1100,20.5,22.98,2.02,-6.44,-4.00
RL4-1101,20.7,23.20,2.02,-6.85,-3.96
RL4-1102,20.9,23.41,2.03,-6.67,-3.94
RL4-1103,21.1,23.63,2.03,-6.34,-3.85
RL4-1104,21.3,23.85,2.04,-6.00,-3.89
RL4-1105,21.5,24.07,2.05,-5.97,-4.02
RL4-1106,21.7,24.28,2.05,-5.84,-3.96
RL4-1107,21.9,24.50,2.06,-5.78,-3.92
RL4-1108,22.1,24.71,2.07,-5.99,-3.76
RL4-1109,22.3,24.92,2.08,-6.14,-3.90
RL4-1110,22.5,25.13,2.09,-6.32,-3.95
RL4-1111,22.7,25.34,2.10,-6.65,-3.89
RL4-1112,22.9,25.55,2.11,-6.69,-3.89
RL4-1113,23.1,25.76,2.12,-6.63,-3.93
RL4-1114,23.3,25.97,2.13,-7.16,-3.88
RL4-1115,23.5,26.18,2.14,-7.31,-3.88
RL4-1116,23.7,26.39,2.14,-7.10,-3.95
RL4-1117,23.9,26.60,2.15,-7.15,-3.99
RL4-1118,24.1,26.81,2.16,-7.09,-3.87
RL4-1119,24.3,27.02,2.16,-7.06,-3.63
RL4-1120,24.5,27.23,2.17,-7.30,-3.92
RL4 1120A,24.7,27.44,2.18,-7.81,-3.96
RL4 1121,24.9,27.65,2.18,-7.82,-4.12
RL4 1122,25.1,27.86,2.19,-7.64,-3.94
RL4 1123,25.3,28.07,2.20,-6.93,-3.79
RL4 1124,25.5,28.28,2.20,-7.22,-4.15
RL4 1125,25.7,28.50,2.21,-7.24,-3.92
RL4 1126,25.9,28.71,2.21,-7.02,-3.96
RL4 1127,26.1,28.92,2.22,-6.85,-3.89
RL4 1128,26.3,29.13,2.23,-7.08,-4.05
RL4 1129,26.5,29.34,2.24,-7.57,-4.00
RL4 1130,26.7,29.55,2.24,-7.94,-4.19
RL4 1131,26.9,29.76,2.25,-7.97,-4.05
RL4 1132,27.1,29.97,2.26,-7.86,-4.19
RL4 1133,27.3,30.18,2.27,-6.97,-3.91
RL4 1134,27.5,30.39,2.27,-6.98,-3.98
RL4 1135,27.7,30.60,2.28,-7.04,-3.99
RL4 1136,27.9,30.81,2.29,-6.81,-3.92
RL4 1137,28.1,31.02,2.30,-6.68,-4.07
RL4 1138,28.3,31.23,2.30,-6.83,-3.91
RL4 1139,28.5,31.44,2.31,-6.75,-3.92
RL4 1140,28.7,31.65,2.32,-6.75,-3.96
RL4 1141,28.9,31.86,2.33,-6.83,-4.00
RL4 1142,29.1,32.07,2.33,-6.69,-4.03
RL4 1143,29.3,32.28,2.34,-6.45,-3.63
RL4 1144,29.5,32.49,2.35,-6.64,-4.04
RL4 1145,29.7,32.70,2.36,-7.05,-4.21
RL4 1146,29.9,32.91,2.36,-7.10,-4.16
RL4 1147,30.1,33.12,2.37,-7.06,-4.02
RL4 1148,30.3,33.33,2.38,-7.34,-4.12
RL4 1149,30.5,33.54,2.39,-7.23,-4.16
RL4 1150,30.7,33.75,2.39,-7.46,-4.32
RL4 1151,30.9,33.96,2.40,-7.66,-4.51
RL4 1152,31.1,34.17,2.41,-8.01,-4.59
RL4 1153,31.3,34.38,2.42,-7.75,-4.65
RL4 1154,31.5,34.59,2.42,-7.69,-4.62
RL4 1155,31.7,34.80,2.43,-7.55,-4.46
RL4 1156,31.9,35.01,2.44,-7.14,-4.24
RL4 1157,32.1,35.22,2.44,-7.23,-4.00
RL4 1158,32.3,35.43,2.45,-7.20,-3.83
RL4 1159,32.5,35.64,2.46,-6.98,-3.85
RL4 1160,32.7,35.85,2.47,-7.25,-4.22
RL4 1161,32.9,36.06,2.47,-7.13,-4.22
RL4 1162,33.1,36.27,2.48,-7.47,-4.15
RL4 1163,33.3,36.48,2.49,-7.74,-4.22
RL4 1164,33.5,36.69,2.50,-8.08,-4.33
RL4 1165,33.7,36.91,2.50,-8.01,-4.29
RL4 1166,33.9,37.12,2.51,-7.58,-4.19
RL4 1167,34.1,37.33,2.52,-6.99,-3.94
RL4 1168,34.3,37.54,2.53,-7.19,-4.07
RL4 1169,34.5,37.75,2.53,-7.92,-4.43
RL4 1170,34.7,37.96,2.54,-7.94,-4.75
RL4 1171,34.9,38.17,2.55,-7.60,-4.65
RL4 1172,35.1,38.38,2.55,-7.16,-4.37
RL4 1173,35.3,38.59,2.56,-6.89,-4.16
RL4 1174,35.5,38.80,2.57,-6.90,-3.85
RL4 1175,35.7,39.01,2.57,-7.03,-4.06
RL4 1176,35.9,39.22,2.58,-7.00,-3.94
RL4 1177,36.1,39.43,2.59,-7.16,-3.99
RL4 1178,36.3,39.64,2.59,-7.33,-4.11
RL4 1179,36.5,39.85,2.60,-7.39,-3.95
RL4 1180,36.7,40.06,2.61,-7.49,-3.95
RL4 1181,36.9,40.27,2.61,-7.56,-4.06
RL4 1182,37.1,40.48,2.62,-7.24,-3.89
RL4 1183,37.3,40.69,2.62,-6.75,-3.88
RL4 1184,37.5,40.90,2.63,-6.58,-3.81
RL4 1185,37.7,41.12,2.64,-6.54,-3.75
RL4 1186,37.9,41.34,2.64,-6.86,-3.77
RL4 1187,38.1,41.56,2.65,-7.29,-3.82
RL4 1188,38.3,41.78,2.66,-7.94,-4.08
RL4 1189,38.5,42.00,2.66,-7.96,-3.97
RL4 1190,38.7,42.22,2.67,-7.53,-3.99
RL4 1191,38.9,42.44,2.68,-7.54,-4.21
RL4 1192,39.1,42.66,2.68,-7.31,-4.02
RL4 1193,39.3,42.88,2.69,-7.04,-3.86
RL4 1194,39.5,43.10,2.70,-6.96,-3.83
RL4 1195,39.7,43.32,2.70,-6.94,-4.01
RL4 1196,39.9,43.54,2.71,-7.34,-4.24
RL4 1197,40.1,43.76,2.72,-7.61,-4.30
RL4 1198,40.3,43.98,2.72,-8.01,-4.13
RL4 1199,40.5,44.20,2.73,-7.92,-4.35
RL4 1200,40.7,44.46,2.74,-7.81,-4.25
RL4 1201,40.9,44.71,2.75,-7.67,-4.56
RL4 1202,41.1,44.97,2.75,-7.73,-4.16
RL4 1203,41.3,45.22,2.76,-7.73,-4.03
RL4 1204,41.5,45.48,2.77,-7.67,-4.17
RL4 1205,41.7,45.73,2.78,-7.49,-3.98
RL4 1206,41.9,45.99,2.79,-7.39,-4.04
RL4 1207,42.1,46.24,2.79,-7.23,-4.02
RL4 1208,42.3,46.50,2.80,-7.38,-4.45
RL4 1209,42.5,46.76,2.81,-7.54,-3.98
RL4 1210,42.7,47.01,2.81,-7.72,-4.16
RL4 1211,42.9,47.27,2.82,-7.88,-4.16
RL4 1212,43.1,47.52,2.83,-7.96,-4.26
RL4 1213,43.3,47.78,2.84,-8.02,-3.97
RL4 1214,43.5,48.03,2.84,-7.70,-4.06
RL4 1215,43.7,48.29,2.85,-7.72,-4.08
RL4 1335,43.9,48.54,2.86,-8.09,-4.14
RL4 1336,44.1,48.80,2.87,-8.29,-4.04
RL4 1337,44.3,48.95,2.88,-8.39,-4.12
RL4 1338,44.5,49.09,2.88,-8.22,-4.21
RL4 1339,44.7,49.24,2.89,-8.24,-4.40
RL4 1340,44.9,49.38,2.89,-7.61,-4.18
RL4 1341,45.1,49.53,2.90,-7.86,-4.38
RL4 1342,45.3,49.68,2.90,-8.13,-4.49
RL4 1343,45.5,49.82,2.91,-8.17,-4.44
RL4 1344,45.7,49.97,2.91,-8.18,-4.58
RL4 1345,45.9,50.12,2.92,-7.77,-4.18
RL4 1346,46.1,50.26,2.92,-7.82,-4.32
RL4 1347,46.3,50.41,2.93,-8.09,-4.30
RL4 1348,46.5,50.55,2.93,-8.02,-4.27
RL4 1349,46.7,50.70,2.94,-7.52,-4.05
RL4 1350,46.9,50.85,2.94,-7.07,-3.99
RL4 1351,47.1,50.99,2.95,-7.37,-4.05
RL4 1352,47.3,51.14,2.95,-7.40,-4.20
RL4 1353,47.5,51.28,2.96,-7.18,-4.00
RL4 1354,47.7,51.43,2.96,-7.43,-4.15
RL4 1355,47.9,51.58,2.97,-7.60,-4.38
RL4 1356,48.1,51.72,2.97,-7.42,-4.19
RL4 1357,48.3,51.87,2.97,-7.63,-4.15
RL4 1358,48.5,52.02,2.98,-7.49,-4.04
RL4 1359,48.7,52.16,2.98,-7.50,-4.06
RL4 1360,48.9,52.31,2.99,-7.74,-4.08
RL4 1361,49.1,52.45,2.99,-7.51,-3.98
RL4 1362,49.3,52.60,3.00,-7.37,-3.99
RL4 1363,49.5,52.75,3.00,-8.15,-4.30
RL4 1364,49.7,52.89,3.00,-8.58,-4.33
RL4 1365,49.9,53.04,3.01,-8.71,-4.06
RL4 1366,50.1,53.18,3.01,-8.05,-4.14
RL4 1367,50.3,53.33,3.02,-7.91,-3.80
RL4 1368,50.5,53.48,3.02,-8.03,-3.86
RL4 1369,50.7,53.62,3.03,-7.28,-3.56
RL4 1370,50.9,53.77,3.03,-7.33,-3.83
RL4 1371,51.1,53.92,3.04,-7.24,-4.12
RL4 1372,51.3,54.06,3.04,-7.35,-4.08
RL4 1373,51.5,54.21,3.05,-8.08,-4.44
RL4 1374,51.7,54.35,3.05,-7.74,-4.35
RL4 1375,51.9,54.50,3.06,-7.83,-4.45
RL4 1376,52.1,54.62,3.06,-7.80,-4.02
RL4 1377,52.3,54.73,3.07,-7.53,-3.63
RL4 1378,52.5,54.85,3.07,-7.58,-3.64
RL4 1379,52.7,54.96,3.08,-6.88,-3.53
RL4 1380,52.9,55.08,3.08,-7.45,-3.63
RL4 1381,53.1,55.19,3.09,-7.59,-3.95
RL4 1382,53.3,55.31,3.09,-7.68,-3.91
RL4 1383,53.5,55.42,3.10,-7.68,-3.66
RL4 1384,53.7,55.54,3.10,-8.18,-4.03
RL4 1385,53.9,55.65,3.11,-7.95,-3.99
RL4 1386,54.1,55.77,3.11,-7.99,-3.77
RL4 1387,54.3,55.88,3.12,-6.94,-3.80
RL4 1388,54.5,56.00,3.12,-7.27,-4.11
RL4 1389,54.7,56.20,3.13,-7.85,-4.20
RL4 1390,54.9,56.39,3.13,-8.64,-4.62
RL4 1391,55.1,56.59,3.14,-8.06,-4.48
RL4 1392,55.3,56.79,3.15,-7.03,-3.90
RL4 1393,55.5,56.98,3.15,-6.87,-3.96
RL4 1394,55.7,57.18,3.16,-6.77,-3.81
RL4 1395,55.9,57.38,3.17,-6.94,-4.00
RL4 1396,56.1,57.57,3.17,-7.23,-4.18
RL4 1397,56.3,57.77,3.18,-7.45,-3.78
RL4 1398,56.5,57.97,3.18,-7.41,-4.28
RL4 1399,56.7,58.16,3.19,-7.80,-4.12
RL4 1400,56.9,58.36,3.19,-8.22,-4.50
RL4 1401,57.1,58.56,3.20,-8.03,-4.38
RL4 1402,57.3,58.75,3.20,-7.84,-4.66
RL4 1403,57.5,58.95,3.21,-7.41,-4.74
RL4 1404,57.7,59.15,3.21,-7.59,-4.24
RL4 1405,57.9,59.35,3.21,-7.21,-4.19
RL4 1406,58.1,59.54,3.22,-7.25,-4.27
RL4 1407,58.3,59.74,3.22,-7.42,-4.28
RL4 1408,58.5,59.94,3.23,-7.25,-4.15
RL4 1409,58.7,60.13,3.23,-7.28,-4.24
RL4 1410,58.9,60.33,3.23,-7.12,-4.45
RL4 1411,59.1,60.53,3.24,-7.36,-4.37
RL4 1412,59.3,60.72,3.24,-7.18,-4.06
RL4 1413,59.5,60.92,3.25,-7.03,-3.80
RL4 1414,59.7,61.12,3.25,-7.84,-4.52
RL4 1415,59.9,61.31,3.25,-7.77,-3.85
RL4 1416,60.1,61.51,3.26,-8.09,-4.57
RL4 1417,60.3,61.71,3.26,-7.90,-4.26
RL4 1418,60.5,61.90,3.27,-8.09,-4.30
RL4 1419,60.7,62.10,3.27,-7.93,-4.19
RL4 1420,60.9,62.31,3.27,-7.99,-4.17
RL4 1421,61.1,62.52,3.28,-8.52,-4.20
RL4 1422,61.3,62.73,3.28,-8.26,-4.44
RL4 1423,61.5,62.94,3.29,-7.34,-4.41
RL4 1424,61.7,63.15,3.29,-7.94,-4.52
RL4 1425,61.9,63.36,3.30,-7.66,-4.03
RL4 1426,62.1,63.57,3.30,-7.04,-3.91
RL4 1427,62.3,63.79,3.30,-6.87,-3.78
RL4 1428,62.5,64.00,3.31,-6.71,-3.81
RL4 1429,62.7,64.21,3.31,-7.27,-4.42
RL4 1430,62.9,64.42,3.32,-7.99,-4.30
RL4 1431,63.1,64.63,3.32,-6.96,-3.87
RL4 1432,63.3,64.84,3.33,-7.09,-4.28
RL4 1433,63.5,65.05,3.33,-8.32,-4.62
RL4 1434,63.7,65.26,3.34,-9.04,-4.95
RL4 1435,63.9,65.47,3.34,-8.56,-4.82
RL4 1436,64.1,65.68,3.35,-8.10,-4.06
RL4 1437,64.3,65.89,3.35,-7.45,-4.42
RL4 1438,64.5,66.10,3.36,-7.58,-4.18
RL4 1439,64.7,66.31,3.36,-7.60,-4.87
RL4 1440,64.9,66.52,3.36,-8.11,-4.80
RL4 1441,65.1,66.73,3.37,-8.36,-4.74
RL4 1442,65.3,66.94,3.37,-7.95,-4.39
RL4 1443,65.5,67.16,3.37,-7.60,-4.47
RL4 1444,65.7,67.37,3.38,-7.93,-4.81
RL4 1445,65.9,67.58,3.38,-8.46,-4.99
RL4 1446,66.1,67.79,3.38,-8.11,-4.02
RL4 1447,66.3,68.00,3.39,-6.78,-3.79
RL4 1448,66.5,68.21,3.39,-8.20,-4.34
RL4 1449,66.7,68.42,3.40,-7.68,-3.81
RL4 1450,66.9,68.63,3.40,-8.42,-4.04
RL4 1451,67.1,68.84,3.41,-7.90,-4.00
RL4 1452,67.3,69.05,3.41,-8.18,-3.95
RL4 1453,67.5,69.26,3.42,-8.61,-4.16
RL4 1454,67.7,69.47,3.42,-8.69,-4.28
RL4 1455,67.9,69.68,3.43,-7.96,-4.12
RL4 1456,68.1,69.89,3.43,-7.26,-3.67
RL4 1457,68.3,70.10,3.43,-6.69,-3.75
RL4 1458,68.5,70.31,3.44,-6.86,-4.10
RL4 1459,68.7,70.53,3.44,-7.59,-4.33
RL4 1460,68.9,70.74,3.45,-6.87,-4.04
RL4 1461,69.1,70.95,3.45,-7.23,-3.94
RL4 1462,69.3,71.16,3.46,-8.12,-4.44
RL4 1463,69.5,71.37,3.46,-7.67,-4.28
RL4 1464,69.7,71.58,3.47,-8.03,-4.24
RL4 1465,69.9,71.79,3.47,-7.77,-4.05
RL4 1466,70.1,72.00,3.48,-8.04,-4.07
RL4 1467,70.3,72.21,3.48,-8.49,-3.97
RL4 1468,70.5,72.43,3.49,-8.33,-4.18
RL4 1469,70.7,72.64,3.49,-8.30,-4.51
RL4 1470,70.9,72.86,3.50,-7.83,-4.23
RL4 1471,71.1,73.07,3.50,-7.99,-4.31
RL4 1472,71.3,73.29,3.51,-7.94,-4.61
RL4 1473,71.5,73.50,3.51,-8.34,-4.91
RL4 1474,71.7,73.71,3.52,-7.44,-4.11
RL4 1475,71.9,73.93,3.52,-7.58,-4.45
RL4 1476,72.1,74.14,3.53,-8.03,-4.79
RL4 1477,72.3,74.36,3.53,-7.97,-4.77
RL4 1478,72.5,74.57,3.54,-7.52,-4.27
RL4 1479,72.7,74.79,3.54,-7.09,-4.14
RL4 1480,72.9,75.00,3.55,-7.93,-4.05
RL4 1481,73.1,75.21,3.55,-8.66,-4.11
RL4 1482,73.3,75.43,3.56,-8.08,-4.12
RL4 1483,73.5,75.64,3.56,-7.53,-4.32
RL4 1484,73.7,75.86,3.57,-7.53,-4.53
RL4 1485,73.9,76.07,3.57,-7.60,-4.48
RL4 1486,74.1,76.29,3.58,-7.84,-4.55
RL4 1487,74.3,76.50,3.58,-7.95,-4.19
RL4 1488,74.5,76.71,3.58,-8.09,-3.95
RL4 1489,74.7,76.93,3.58,-7.60,-3.83
RL4 1490,74.9,77.14,3.59,-7.87,-4.46
RL4 1491,75.1,77.36,3.59,-8.00,-4.44
RL4 1492,75.3,77.57,3.59,-8.36,-4.43
RL4 1493,75.5,77.79,3.60,-8.42,-4.64
RL4 1494,75.7,78.00,3.60,-8.42,-4.61
RL4 1495,75.9,78.31,3.60,-8.61,-4.58
RL4 1496,76.1,78.62,3.60,-8.48,-4.67
RL4 1497,76.3,78.92,3.60,-8.54,-4.59
RL4 1498,76.5,79.23,3.61,-8.46,-4.43
RL4 1499,76.7,79.54,3.61,-8.32,-4.32
RL4 1500,76.9,79.85,3.61,-8.24,-4.19
RL4 1501,77.1,80.16,3.61,-8.66,-4.23
RL4 1502,77.3,80.46,3.61,-8.70,-4.42
RL4 1503,77.5,80.77,3.61,-7.19,-4.05
RL4 1504,77.7,81.08,3.61,-6.75,-3.98
RL4 1505,77.9,81.39,3.62,-7.98,-4.04
RL4 1506,78.1,81.70,3.62,-7.74,-3.93
RL4 1507,78.3,82.00,3.62,-7.35,-3.97
RL4 1508,78.5,82.31,3.62,-7.21,-3.90
RL4 1509,78.7,82.62,3.62,-7.33,-4.06
RL4 1510,78.9,82.93,3.62,-7.14,-4.05
RL4 1511,79.1,83.24,3.63,-7.58,-4.26
RL4 1512,79.3,83.54,3.63,-7.43,-4.05
RL4 1513,79.5,83.85,3.63,-7.10,-4.11
RL4 1514,79.7,84.16,3.63,-6.79,-4.10
RL4 1515,79.9,84.47,3.64,-7.67,-4.74
RL4 1516,80.1,84.78,3.64,-8.31,-4.79
RL4 1517,80.3,85.08,3.64,-8.72,-4.83
RL4 1518,80.5,85.39,3.65,-8.23,-4.57
RL4 1519,80.7,85.70,3.65,-7.58,-4.36
RL4 1520,80.9,85.86,3.66,-8.34,-4.66
RL4 1521,81.1,86.02,3.66,-8.01,-4.70
RL4 1522,81.3,86.18,3.67,-8.35,-4.65
RL4 1523,81.5,86.34,3.67,-7.15,-4.21
RL4 1524,81.7,86.50,3.68,-7.30,-4.07
RL4 1525,81.9,86.66,3.68,-7.89,-4.32
RL4 1526,82.1,86.82,3.69,-7.83,-4.44
RL4 1527,82.3,86.98,3.69,-7.97,-4.41
RL4 1528,82.5,87.15,3.70,-7.93,-4.58
RL4 1529,82.7,87.31,3.70,-7.70,-4.46
RL4 1530,82.9,87.47,3.71,-7.36,-4.36
RL4 1531,83.1,87.63,3.72,-7.51,-4.43
RL4 1532,83.3,87.79,3.72,-7.59,-4.28
RL4 1533,83.5,87.95,3.73,-7.52,-4.18
RL4 1534,83.7,88.11,3.73,-7.66,-4.50
RL4 1535,83.9,88.27,3.74,-7.66,-4.56
RL4 1536,84.1,88.43,3.75,-7.55,-4.27
RL4 1537,84.3,88.59,3.75,-7.18,-4.01
RL4 1538,84.5,88.75,3.76,-7.50,-3.99
RL4 1539,84.7,88.91,3.76,-8.28,-4.24
RL4 1540,84.9,89.07,3.77,-8.37,-4.45
RL4 1541,85.1,89.23,3.77,-8.06,-4.35
RL4 1542,85.3,89.39,3.78,-7.91,-4.53
RL4 1543,85.5,89.55,3.78,-7.73,-4.23
RL4 1544,85.7,89.71,3.79,-7.36,-4.24
RL4 1545,85.9,89.88,3.79,-7.05,-4.11
RL4 1546,86.1,90.04,3.80,-7.59,-4.26
RL4 1547,86.3,90.20,3.80,-8.06,-4.61
RL4 1700,86.5,90.36,3.80,-7.36,-4.13
RL4 1701,86.7,90.52,3.81,-7.33,-4.48
RL4 1702,86.9,90.68,3.81,-7.53,-4.04
RL4 1703,87.1,90.84,3.82,-7.76,-4.31
RL4 1704,87.3,91.00,3.82,-7.93,-4.56
RL4 1705,87.5,91.30,3.83,-7.80,-4.29
RL4 1706,87.7,91.59,3.84,-7.69,-4.21
RL4 1707,87.9,91.89,3.85,-7.40,-4.08
RL4 1708,88.1,92.18,3.86,-7.21,-4.22
RL4 1709,88.3,92.48,3.87,-7.08,-4.45
RL4 1710,88.5,92.77,3.87,-7.09,-4.04
RL4 1711,88.7,93.07,3.88,-6.48,-3.83
RL4 1712,88.9,93.36,3.89,-6.18,-3.65
RL4 1713,89.1,93.66,3.90,-5.65,-3.46
RL4 1714,89.3,93.95,3.91,-5.46,-3.48
RL4 1715,89.5,94.25,3.92,-5.40,-3.48
RL4 1716,89.7,94.54,3.93,-5.21,-3.65
RL4 1717,89.9,94.84,3.93,-5.06,-3.66
RL4 1718,90.1,95.14,3.94,-5.38,-3.80
RL4 1719,90.3,95.43,3.95,-5.52,-3.83
RL4 1720,90.5,95.73,3.96,-5.68,-3.83
RL4 1721,90.7,96.02,3.97,-5.83,-4.01
RL4 1722,90.9,96.32,3.98,-6.14,-4.00
RL4 1723,91.1,96.61,3.99,-6.20,-3.94
RL4 1724,91.3,96.91,3.99,-6.08,-3.96
RL4 1725,91.5,97.20,4.00,-5.88,-3.92
RL4 1726,91.7,97.50,4.01,-5.54,-3.72
RL4 1727,91.9,97.84,4.02,-5.52,-3.64
RL4 1728,92.1,98.17,4.03,-5.58,-3.63
RL4 1729,92.3,98.51,4.04,-5.90,-3.65
RL4 1730,92.5,98.84,4.05,-6.21,-3.90
RL4 1731,92.7,99.18,4.06,-6.14,-3.79
RL4 1732,92.9,99.51,4.07,-6.06,-3.75
RL4 1733,93.1,99.85,4.08,-6.81,-4.32
RL4 1734,93.3,100.19,4.09,-7.66,-4.14
RL4 1735,93.5,100.52,4.10,-7.21,-3.89
RL4 1736,93.7,100.86,4.11,-6.23,-3.74
RL4 1737,93.9,101.19,4.12,-6.09,-3.95
RL4 1738,94.1,101.53,4.13,-7.07,-4.27
RL4 1739,94.3,101.86,4.15,-8.20,-4.75
RL4 1740,94.5,102.20,4.16,-7.90,-4.36
RL4 1741,94.7,102.41,4.17,-7.23,-3.88
RL4 1742,94.9,102.61,4.18,-7.45,-4.13
RL4 1743,95.1,102.82,4.18,-7.75,-4.24
RL4 1744,95.3,103.03,4.19,-7.73,-3.98
RL4 1745,95.5,103.23,4.20,-7.62,-4.41
RL4 1746,95.7,103.44,4.21,-7.26,-4.16
RL4 1747,95.9,103.64,4.21,-7.08,-3.97
RL4 1748,96.1,103.85,4.22,-7.27,-3.94
RL4 1749,96.3,104.06,4.24,-7.57,-4.09
RL4 1750,96.5,104.26,4.25,-7.63,-4.23
RL4 1751,96.7,104.47,4.27,-7.82,-3.89
RL4 1752,96.9,104.68,4.28,-7.58,-4.06
RL4 1753,97.1,104.88,4.30,-7.70,-4.36
RL4 1754,97.3,105.09,4.31,-7.89,-4.63
RL4 1755,97.5,105.29,4.33,-8.54,-4.67
RL4 1756,97.7,105.50,4.34,-8.37,-4.81
RL4 1757,97.9,105.75,4.36,-8.09,-4.70
RL4 1758,98.1,106.00,4.37,-7.96,-4.44
RL4 1759,98.3,106.24,4.39,-8.15,-4.77
RL4 1760,98.5,106.49,4.41,-8.34,-4.50
RL4 1761,98.7,106.74,4.43,-8.05,-4.50
RL4 1762,98.9,106.99,4.44,-7.81,-4.58
RL4 1763,99.1,107.24,4.46,-7.78,-4.29
RL4 1764,99.3,107.48,4.48,-7.95,-4.35
RL4 1765,99.5,107.73,4.49,-8.13,-4.47
RL4 1766,99.7,107.98,4.51,-8.32,-4.59
RL4 1767,99.9,108.23,4.52,-8.32,-4.44
RL4 1768,100.1,108.47,4.53,-8.34,-4.91
RL4 1769,100.3,108.72,4.55,-8.11,-4.67
RL4 1770,100.5,108.97,4.56,-8.10,-4.61
RL4 1771,100.7,109.22,4.58,-7.68,-4.39
RL4 1772,100.9,109.47,4.60,-7.46,-4.34
RL4 1773,101.1,109.71,4.62,-7.26,-4.76
RL4 1774,101.3,109.96,4.63,-6.96,-4.32
RL4 1775,101.5,110.21,4.65,-6.72,-4.03
RL4 1776,101.7,110.46,4.67,-6.79,-4.29
RL4 1777,101.9,110.70,4.69,-6.61,
RL4 1778,102.1,110.95,4.71,-7.26,-4.06
RL4 1779,102.3,111.20,4.73,-7.76,-4.46
RL4 1780,102.5,111.45,4.75,-8.12,-4.46
RL4 1781,102.7,111.70,4.78,-7.69,-3.83
RL4 1782,102.9,111.94,4.80,-7.47,-3.98
RL4 1783,103.1,112.19,4.82,-7.29,-3.91
RL4 1784,103.3,112.44,4.85,-7.22,-3.78
RL4 1785,103.5,112.69,4.87,-7.21,-3.83
RL4 1786,103.7,112.94,4.90,-7.13,-3.60
RL4 1787,103.9,113.18,4.93,,
RL4 1788,104.1,113.43,4.96,-6.90,-3.93
RL4 1789,104.3,113.68,4.99,-6.84,-3.62
RL4 1790,104.5,113.93,5.01,-6.79,-3.64
RL4 1791,104.7,114.17,5.04,-7.01,-4.06
RL4 1792,104.9,114.42,5.06,-7.09,-3.72
RL4 1793,105.1,114.67,5.09,-7.18,-4.10
RL4 1794,105.3,114.92,5.11,-7.01,-3.72
RL4 1795,105.5,115.17,5.14,-6.69,-3.64
RL4 1796,105.7,115.41,5.16,-6.52,-3.77
RL4 1797,105.9,115.66,5.19,-6.64,-3.84
RL4 1798,106.1,115.91,5.21,-6.60,-3.81
RL4 1799,106.3,116.16,5.24,-6.65,-3.42
RL4 1800,106.5,116.40,5.27,-6.79,-3.86
RL4 1801,106.7,116.65,5.29,-6.86,-3.71
RL4 1802,106.9,116.90,5.32,-6.50,-3.58
RL4 1803,107.1,117.10,5.33,-6.17,-3.90
RL4 1804,107.3,117.30,5.34,-5.96,-3.78
RL4 1805,107.5,117.50,5.35,-5.55,-3.67
RL4 1806,107.7,117.69,5.36,-6.05,-3.48
RL4 1807,107.9,117.89,5.37,-6.48,-3.81
RL4 1808,108.1,118.09,5.38,-6.75,-4.12
RL4 1809,108.3,118.29,5.39,-7.05,-4.68
RL4 1810,108.5,118.49,5.40,-7.21,-3.82
RL4 1811,108.7,118.69,5.40,-7.54,-4.36
RL4 1812,108.9,118.89,5.41,-7.78,-4.02
RL4 1813,109.1,119.09,5.42,-7.94,-3.78
RL4 1814,109.3,119.28,5.42,-7.93,-3.96
RL4 1815,109.5,119.48,5.43,-7.62,-4.07
RL4 2000,109.7,119.68,5.44,-6.58,-3.82
RL4 2001,109.9,119.88,5.44,-6.69,-3.89
RL4 2002,110.1,120.08,5.45,-6.70,-3.82
RL4 2003,110.3,120.28,5.46,-6.75,-3.85
RL4 2004,110.5,120.48,5.46,-7.14,-3.85
RL4 2005,110.7,120.67,5.47,-7.29,-3.78
RL4 2006,110.9,120.87,5.48,-7.06,-4.04
RL4 2007,111.1,121.07,5.49,-6.81,-4.02
RL4 2008,111.3,121.27,5.49,-6.08,-3.49
RL4 2009,111.5,121.47,5.50,-5.93,-3.73
RL4 2010,111.7,121.67,5.50,-6.63,-3.82
RL4 2011,111.9,121.87,5.51,-6.66,-3.67
RL4 2012,112.1,122.06,5.51,-6.41,-3.95
RL4 2013,112.3,122.26,5.52,-6.57,-3.85
RL4 2014,112.5,122.46,5.53,-6.59,-3.97
RL4 2015,112.7,122.66,5.53,-7.23,-4.15
RL4 2016,112.9,122.86,5.54,-6.89,-3.99
RL4 2017,113.1,123.06,5.54,-6.16,-3.75
RL4 2018,113.3,123.26,5.55,-6.84,-3.99
RL4 2019,113.5,123.45,5.55,-6.12,-3.82
RL4 2020,113.7,123.65,5.56,-5.77,-3.49
RL4 2021,113.9,123.85,5.57,-5.27,-3.39
RL4 2022,114.1,124.05,5.57,-6.17,-3.73
RL4 2023,114.3,124.25,5.58,-6.78,-4.13
RL4 2024,114.5,124.45,5.58,-6.31,-4.11
RL4 2025,114.7,124.65,5.59,-6.60,-3.83
RL4 2026,114.9,124.85,5.59,-7.34,-3.89
RL4 2027,115.1,125.04,5.60,-7.32,-3.76
RL4 2028,115.3,125.24,5.61,-7.39,-3.91
RL4 2029,115.5,125.44,5.61,-7.57,-3.71
RL4 2030,115.7,125.64,5.62,-7.42,-3.79
RL4 2031,115.9,125.84,5.62,-7.44,-4.11
RL4 2032,116.1,126.04,5.62,-7.80,-4.14
RL4 2033,116.3,126.24,5.63,-7.36,-3.97
RL4 2034,116.5,126.43,5.63,-7.29,-3.92
RL4 2035,116.7,126.63,5.64,-6.72,-3.85
RL4 2036,116.9,126.83,5.64,-5.89,-3.67
RL4 2037,117.1,127.03,5.65,-5.98,-3.84
RL4 2038,117.3,127.23,5.65,-6.61,-3.98
RL4 2039,117.5,127.43,5.66,-6.93,-3.96
RL4 2040,117.7,127.63,5.66,-6.43,-4.10
RL4 2041,117.9,127.82,5.67,-6.12,-3.84
RL4 2042,118.1,128.02,5.67,-6.35,-3.78
RL4 2043,118.3,128.22,5.68,-7.10,-3.87
RL4 2044,118.5,128.42,5.69,-7.24,-4.02
RL4 2045,118.7,128.62,5.69,-6.92,-4.02
RL4 2046,118.9,128.82,5.70,-6.77,-3.64
RL4 2047,119.1,129.02,5.70,-6.90,-4.06
RL4 2048,119.3,129.21,5.71,-6.67,-3.67
RL4 2049,119.5,129.41,5.71,-6.61,-4.02
RL4 2050,119.7,129.61,5.72,-6.19,-3.92
RL4 2051,119.9,129.81,5.72,-6.25,-4.15
RL4 2052,120.1,130.01,5.73,-6.07,-4.16
RL4 2053,120.3,130.21,5.73,-5.90,-3.96
RL4 2054,120.5,130.41,5.74,-5.54,-3.92
RL4 2055,120.7,130.60,5.74,-5.32,-3.74
RL4 2056,120.9,130.80,5.75,-5.06,-3.83
RL4 2057,121.1,131.00,5.75,-4.81,-3.66
RL4 2058,121.3,131.20,5.76,-5.20,-3.73
RL4 2059,121.5,131.54,5.77,-5.28,-3.95
RL4 2060,121.7,131.87,5.78,-4.60,-3.72
RL4 2061,121.9,132.20,5.79,-4.75,-3.53
RL4 2062,122.1,132.54,5.79,-5.20,-3.75
RL4 2063,122.3,132.87,5.80,-5.44,-3.82
RL4 2064,122.5,133.21,5.81,-5.40,-3.88
RL4 2065,122.7,133.54,5.82,-5.99,-4.15
RL4 2066,122.9,133.88,5.83,-6.12,-3.96
RL4 2067,123.1,134.21,5.84,-6.56,-4.20
RL4 2068,123.3,134.55,5.86,-6.34,-3.98
RL4 2069,123.5,134.88,5.87,-6.02,-3.84
RL4 2070,123.7,135.22,5.89,-5.96,-3.78
RL4 2071,123.9,135.55,5.90,-5.76,-3.71
RL4 2072,124.1,135.88,5.92,-5.92,-3.76
RL4 2073,124.3,136.22,5.93,-6.49,-3.55
RL4 2074,124.5,136.55,5.95,-6.65,-4.14
RL4 2075,124.7,136.89,5.98,-6.79,-4.29
RL4 2076,124.9,137.22,6.00,-7.16,-4.42
RL4 2077,125.1,137.56,6.02,-7.11,-4.28
RL4 2078,125.3,137.89,6.04,-7.02,-4.18
RL4 2079,125.5,138.23,6.06,-6.95,-3.91
RL4 2080,125.7,138.56,6.08,-7.02,-4.00
RL4 2081,125.9,138.90,6.09,-7.16,-3.92
RL4 2082,126.1,139.23,6.11,-7.12,-4.03
RL4 2083,126.3,139.57,6.12,-6.70,-4.08
RL4 2084,126.5,139.90,6.14,-6.41,-3.90
RL4 2085,126.7,140.06,6.15,-6.33,-3.95
RL4 2086,126.9,140.21,6.16,-6.30,-3.69
RL4 2087,127.1,140.37,6.16,-6.42,-3.79
RL4 2088,127.3,140.53,6.17,-5.95,-3.86
RL4 2089,127.5,140.68,6.18,-5.53,-3.85
RL4 2090,127.7,140.84,6.19,-5.97,-3.98
RL4 2091,127.9,141.00,6.19,-6.39,-4.00
RL4 2092,128.1,141.15,6.20,-6.64,-4.03
RL4 2093,128.3,141.31,6.21,-6.53,-4.06
RL4 2094,128.5,141.47,6.22,-6.62,-4.13
RL4 2095,128.7,141.62,6.23,-6.74,-4.09
RL4 2096,128.9,141.78,6.23,-6.62,-4.18
RL4 2097,129.1,141.94,6.24,-6.73,-4.31
RL4 2098,129.3,142.09,6.25,-6.90,-4.49
RL4 2099,129.5,142.25,6.26,-6.75,-4.41
RL4 2100,129.7,142.41,6.26,-6.68,-4.14
RL4 2101,129.9,142.57,6.27,-6.55,-3.91
RL4 2102,130.1,142.72,6.28,-6.69,-4.15
RL4 2103,130.3,142.88,6.29,-6.81,-4.19
RL4 2104,130.5,143.04,6.29,-7.26,-4.27
RL4 2105,130.7,143.19,6.30,-7.24,-4.31
RL4 2106,130.9,143.35,6.31,-7.02,-4.24
RL4 2107,131.1,143.51,6.32,-7.38,-4.26
RL4 2108,131.3,143.66,6.32,-7.71,-4.44
RL4 2109,131.5,143.82,6.33,-7.43,-4.12
RL4 2110,131.7,143.98,6.34,-7.78,-4.04
RL4 2111,131.9,144.13,6.35,-7.70,-4.11
RL4 2112,132.1,144.29,6.36,-7.47,-4.19
RL4 2113,132.3,144.45,6.36,-7.22,-4.45
RL4 2114,132.5,144.60,6.37,-7.17,-4.34
RL4 2115,132.7,144.76,6.38,-7.18,-4.15
RL4 2116,132.9,144.92,6.39,-7.33,-4.34
RL4 2117,133.1,145.07,6.40,-7.31,-4.22
RL4 2118,133.3,145.23,6.41,-7.68,-4.36
RL4 2119,133.5,145.39,6.41,-7.68,-4.52
RL4 2120,133.7,145.54,6.42,-7.71,-4.43
RL4 2121,133.9,145.70,6.43,-8.20,-4.64
RL4 2122,134.1,145.97,6.44,-8.10,-4.56
RL4 2123,134.3,146.23,6.45,-7.84,-4.53
RL4 2124,134.5,146.50,6.47,-7.40,-4.26
RL4 2125,134.7,146.77,6.48,-7.38,-4.33
RL4 2126,134.9,147.03,6.49,-7.51,-4.31
RL4 2127,135.1,147.30,6.50,-7.50,-4.37
RL4 2128,135.3,147.50,6.51,-7.34,-4.20
RL4 2129,135.5,147.70,6.52,-7.30,-4.10
RL4 2130,135.7,147.90,6.53,-7.51,-4.16
RL4 2131,135.9,148.10,6.54,-7.52,-4.19
RL4 2132,136.1,148.30,6.55,-7.29,-4.21
RL4 2133,136.3,148.50,6.56,-7.32,-4.23
RL4 2134,136.5,148.70,6.58,-7.31,-4.18
RL4 2135,136.7,148.90,6.59,-7.27,-4.66
RL4 2136,136.9,149.10,6.60,-7.44,-4.67
RL4 2137,137.1,149.30,6.61,-7.75,-4.60
RL4 2138,137.3,149.50,6.62,-8.05,-4.52
RL4 2139,137.5,149.70,6.63,-8.30,-4.64
RL4 2140,137.7,149.84,6.64,-8.24,-4.50
RL4 2141,137.9,149.98,6.65,-7.92,-4.21
RL4 2142,138.1,150.12,6.65,-7.61,-4.22
RL4 2143,138.3,150.27,6.66,-8.25,-4.08
RL4 2144,138.5,150.41,6.67,-8.40,-4.12
RL4 2145,138.7,150.55,6.68,-7.82,-4.08
RL4 2146,138.9,150.69,6.69,-6.65,-4.08
RL4 2147,139.1,150.83,6.69,-6.07,-3.84
RL4 2148,139.3,150.97,6.70,-7.24,-4.28
RL4 2149,139.5,151.11,6.71,-7.38,-4.12
RL4 2150,139.7,151.26,6.72,-7.53,-4.42
RL4 2151,139.9,151.40,6.73,-7.70,-4.28
RL4 2152,140.1,151.54,6.73,-8.20,-4.40
RL4 2153,140.3,151.68,6.74,-8.62,-4.72
RL4 2154,140.5,151.82,6.75,-8.72,-4.73
RL4 2155,140.7,151.96,6.76,-8.47,-4.55
RL4 2156,140.9,152.10,6.77,-8.20,-4.54
RL4 2157,141.1,152.24,6.78,-8.48,-4.77
RL4 2158,141.3,152.39,6.79,-8.16,-4.43
RL4 2159,141.5,152.53,6.80,-7.83,-3.93
RL4 2160,141.7,152.67,6.81,-7.96,-4.24
RL4 2161,141.9,152.81,6.82,-7.94,-4.28
RL4 2162,142.1,152.95,6.84,-7.90,-4.10
RL4 2163,142.3,153.09,6.85,-7.82,-3.89
RL4 2164,142.5,153.23,6.86,-7.64,-4.18
RL4 2165,142.7,153.38,6.87,-7.41,-4.54
RL4 2166,142.9,153.52,6.88,-7.36,-4.47
RL4 2167,143.1,153.66,6.89,-7.55,-4.44
RL4 2168,143.3,153.80,6.90,-7.73,-4.20
RL4 2169,143.5,153.94,6.91,-7.59,-4.44
RL4 2170,143.7,154.08,6.92,-7.40,-4.33
RL4 2171,143.9,154.22,6.93,-7.10,-4.27
RL4 2172,144.1,154.36,6.94,-6.93,-3.99
RL4 2173,144.3,154.51,6.95,-7.13,-3.81
RL4 2174,144.5,154.65,6.96,-7.30,-3.97
RL4 2175,144.7,154.79,6.97,-7.36,-4.24
RL4 2176,144.9,154.93,6.98,-6.50,-4.18
RL4 2177,145.1,155.07,6.98,-6.23,-4.13
RL4 2178,145.3,NA,6.99,-7.06,-4.24
RL4 2179,145.5,NA,7.00,-7.38,-4.43
RL4 2180,145.7,NA,7.01,-7.63,-4.34
RL4 2181,145.9,NA,7.02,-7.87,-4.23
RL4 2182,146.1,NA,7.03,-7.47,-4.03
RL4 2183,146.3,NA,7.04,-6.25,-3.80
RL4 2184,146.5,NA,7.05,-5.88,-3.61
RL4 2185,146.7,NA,7.06,-6.35,-3.69
RL4 2186,146.9,NA,7.07,-6.97,-4.16
RL4 2187,147.1,NA,7.08,-7.51,-4.32
RL4 2188,147.3,NA,7.09,-7.19,-4.18
RL4 2189,147.5,NA,7.10,-6.85,-3.93
RL4 2190,147.7,NA,7.11,-6.52,-4.14
RL4 2191,147.9,NA,7.12,-7.03,-4.25
RL4 2192,148.1,NA,7.13,-7.60,-4.34
RL4 2193,148.3,NA,7.14,-7.43,-4.33
RL4 2194,148.5,NA,7.15,-7.32,-4.43
RL4 2195,148.7,NA,7.16,-7.76,-4.29
RL4 2196,148.9,NA,7.17,-8.13,-4.52
RL4 2197,149.1,NA,7.18,-6.97,-4.01
RL4 2198,149.3,NA,7.19,-6.38,-3.93
RL4 2199,149.5,NA,7.20,-6.92,-3.85
RL4 2200,149.7,NA,7.21,-7.96,-4.16
RL4 2201,149.9,NA,7.22,-8.27,-4.32
RL4 2202,150.1,NA,7.23,-7.88,-4.21
RL4 2203,150.3,NA,7.24,-7.30,-4.35
RL4 2204,150.5,NA,7.25,-8.04,-4.47
RL4 2205,150.7,NA,7.26,-7.36,-4.29
RL4 2206,150.9,NA,7.27,-5.26,-3.77
RL4 2207,151.1,NA,7.28,-4.35,-3.72
RL4 2208,151.3,NA,7.29,-4.93,-3.68
RL4 2209,151.5,NA,7.30,-6.31,-3.82
RL4 2210,151.7,NA,7.31,-7.27,-4.22
RL4 2211,151.9,NA,7.32,-7.62,-4.39
RL4 2212,152.1,NA,7.33,-7.08,-3.78
